descripcion,precio,titulo
"Caja Transportadora Para Mascotas,Transportador de mascota cómoda y amplia caja para perros y gatos. El transportador de mascota es apto para animales pequeños, gatos, perros y conejos. Su diseño se puede convertir en una casa para tu mascota. Tiene orificios que permite la ventilación para un máximo confort. El material es plástico. Diseño moderno, de fácil mantenimiento y libre de olores. Sin ruedas,Material: Plástico,Tamaño:44 cm X 32cm X 26cm,,Peso Soportado Aprox 20kg.,Contenido de la compra:,* 1 Caja Transporte Para Mascotas",9.490,Canil Gato Jaula Gato Perro Mascotas Canil Perro Transportadora Animales Mascotas Rosa Canil Jaula Gato 
,,MARIN SHOP 
"TEJIDO DE ALTA CALIDAD: Nuestros transportines para mascotas están fabricados con material de poliéster impermeable, ligero y duradero. El tejido de malla de cuatro lados aporta a su mascota la máxima ventilación. Manténgalos seguros y cómodos para sus viajes,BOLSA PARA ANIMALES PEQUEÑOS: la bolsa para mascotas mide 53*32*26, perfecta para gatitos, gatos, conejos, loros, ardillas, cobayas, cachorros y otros animales pequeños. Esta bolsa para mascotas es perfecta para mascotas de hasta 7 kg. Tenga en cuenta la longitud, la altura y el peso de su mascota a la hora de elegir el tamaño del transportín. NOTA: No apto para perros grandes y medianos. No apto para animales que mastican con facilidad, como las ratas.,DISEÑO IDEAL: ACCESO POR LOS DOS LADOS: Apertura lateral con cremallera para meter fácilmente a tu mascota. Las tiras reflectantes en la parte inferior aumentan la visibilidad y te mantienen seguro por la noche,FÁCIL DE TRANSPORTAR Y GUARDAR: cómodo y elegante transportín que puede utilizarse como bolso de mano o bandolera con correas acolchadas ajustables para una sensación de comodidad. Conveniente para llevar a sus gatos, cachorros, conejos y animales pequeños al veterinario o de viaje,Recuerde: cumple con la mayoría de las normativas de las compañías aéreas. Sin embargo, compruebe los requisitos de la aerolínea antes de viajar con su mascota, ya que los requisitos aprobados por las diferentes aerolíneas pueden variar. Si tiene alguna pregunta, no dude en ponerse en contacto con nosotros. Atenderemos sus preguntas lo antes posible,SHUANG.W,Garantía del vendedor: 30 días",9.450,Mochila Transportadora Para Perro Y Gato Portátil Plegable
"Características:,- Fabricada en tela Oxford de color brillante e impermeable.,- Diseño con agujero en la parte delantera para una buena permeabilidad al aire.,- Ideal para viajes, caminatas y paseos.,- Cubierta de acrílico transparente que evita que la mascota se sienta incómoda por la oscuridad.,- Espacio cómodo para la mascota.,- Correa con diseño de hebilla de pecho para mayor comodidad del portador.,- Materiales de PVC y acrílico respetuosos con el medio ambiente.,- Material de alta calidad, impermeable y resistente a la suciedad.",7.990,Genérica bolso mochila porta mascostas color rosado
"Somos GoodGuau, una empresa importadora y distribuidora de productos de Mascotas.,,Tenemos tienda y bodega establecida en la comuna de Quilicura, Santiago. Nuestro horario de atención es de lunes a jueves desde 8:30 hrs a 18:00 hrs y Viernes de 8:30 hrs a 17:00 hrs.,,---------------------------------------------------------------------------------------------------------------,Bolso Transportador Perro Gato,Cómodos, livianos y de alta calidad, estos transportadores son lavables y cuentan con una correa para llevarlos en el brazo, así como una manija para llevarlos en la mano. Además, tienen rejillas laterales, frontales y traseras para una ventilación óptima.,Este elegante y funcional soporte para mascotas facilita el transporte de su compañero de manera fácil, cómoda y segura. Su peso ligero y diseño plegable hacen que sea fácil de llevar, mientras que la placa inferior transpirable de diseño resistente evita la deformación. La transparencia del diseño permite que su mascota observe el mundo exterior durante el viaje. Ideal para paseos en bicicleta, viajes, compras y caminatas al aire libre con tu mascota, es adecuado para la mayoría de los gatos, cachorros y otras mascotas pequeñas.,Somos GoodGuau, una empresa importadora y distribuidora de productos de Mascotas.,Tenemos tienda y bodega establecida en la comuna de Quilicura, Santiago. Nuestro horario de atención es de lunes a jueves desde 8:30 hrs a 18:00 hrs y Viernes de 8:30 hrs a 17:00 hrs.,El precio total incluye IVA.,Todos nuestros productos son entregados con BOLETA O FACTURA. En caso de factura favor indicarnos por mensaje interno los datos de facturación (Nombre/Razón Social, Giro, RUT, Dirección, Correo Electrónico).,Garantía del vendedor: 3 meses,,El precio total incluye IVA.,,Todos nuestros productos son entregados con BOLETA O FACTURA. En caso de factura favor indicarnos por mensaje interno los datos de facturación (Nombre/Razón Social, Giro, RUT, Dirección, Correo Electrónico).,Garantía del vendedor: 3 meses",7.990,Bolso Transportador Perro Gato M 42x26x25cm
"Advantage es un antiparasitario especialmente diseñado para gatos que pesan entre 4 y 8 kilogramos. Este producto viene en formato de pipeta y proporciona una protección eficaz contra las pulgas (Ctenocephalides spp.), incluso en situaciones de baños, uso de shampoo, ambientes infestados y contacto con otros animales no tratados.,El método de aplicación de Advantage es sencillo, se coloca en el lomo del gato y su efecto protector se mantiene durante 4 semanas.,Características del producto:,- Antiparasitario para gatos,- Protección contra pulgas,- Adecuado para gatos de 4 a 8 kgs,- Formato: 1 pipeta (0,8 mL)",8.720,Pipeta Antiparasitaria Gatos Advantage 4 A 8 Kg
"Filtro de carbón activado para fuente redonda o cuadrada, accesorio de reemplazo para mascotas y gatos, ideal para fuente de agua potable.,Características:,Filtro de carbón activado para reemplazo de suministro de agua tipo circulación automática * Juego de 4 piezas. Se recomienda que el cambio del filtro sea de una pieza al mes, establecido durante unos ocho meses.,Resina de intercambio: se eliminan el magnesio y el calcio en el agua, y se convierte en agua apta para gatos (agua blanda) cuya dureza se reduce. Carbón activado de alto rendimiento: absorbe olores y bacterias.,Al limpiar el filtro, no utilice detergente, enjuague la suciedad de la superficie con agua. Al reemplazar el filtro, asegúrese de limpiar las partes de la Unidad de suministro de agua para garantizar la limpieza.,Purifica el agua de tu gato de tres maneras: la malla de algodón filtra los desechos, el carbón activo elimina los olores y las impurezas, la resina de intercambio iónico suaviza el agua,Filtro solamente, cualquier otro accesorio no está incluido.,Especificaciones:,Tipo: Filtro de fuente de agua para mascotas,Material: carbón activado, algodón,Cantidad: 4 Uds.,ESTILO: redondo/cuadrado,Color del artículo: blanco,Tamaño,Filtro redondo: 12.7 cm diámetro exterior, 3.81 cm diámetro interior,Filtro Cuadrado: 12.5 x 12.5 cm,El paquete incluye:,4 x filtros de carbón activado",2.565,Filtros De Repuesto Para Fuente De Agua Para Mascotas 4 Unid Color Blanco
"• Descripción:,Indicador de Carga,Afeitadora,4 Cabezales,Botella de Ac,Peine: 3mm, 6mm, 9mm, 12mmeite,Cepillo de limpieza,Usb de Carga,Peine,Lima,Corta uñas,Tijeras,Tiempo de carga 2 horas,Voltaje en funcionamiento 3.0V,Voltaje en reposo 3.7V,Garantía del vendedor: 3 meses",6.799,Maquina Corta Pelo Perros Cortadora Usb Accesorios Gatos
"Pañales Sabanillas Carbon Activo para Perros y Gatos 60x60cm,Sabanillas para Mascotas perros, gatos,Ideales para entrenamiento, jaulas de transporte, protección de asientos para auto, con adhesivos en las esquinas, absorción inmediata.,Poseen 5 capas de protección:,1era con carbon antiolor,2da con bloqueador de líquido,3era con polímero de gel,4ta con capa ultra absorbente,5ta con base impermeable,El carbón activado se obtiene calentando materiales ricos en carbón, como madera, turba, cáscaras de coco o aserrín, a temperaturas muy altas. El proceso de activación elimina moléculas absorbidas previamente y libera áreas de unión, reduciendo el tamaño de los poros y aumentando el área de superficie, lo que lo hace sumamente absorbente y efectivo para el control del olor.,Una cucharita de carbón activado tiene un área de superficie mayor que una cancha de fútbol.,Instrucciones de uso:,Desplegar el tapete y colocar la parte plástica en contacto con el suelo, en un lugar accesible para la mascota durante todo el día. Cambiar el tapete cuando sea necesario.,Adaptación de la mascota al tapete:,Requiere un período de adaptación para su uso correcto.,Consejos: Premiar a la mascota con cariño o snacks al usar correctamente el tapete y desalentar el uso incorrecto.,Para cachorros:,Usar varios tapetes para que el cachorro pueda determinar su espacio. Reducir gradualmente el espacio y la cantidad de tapetes hasta llegar a uno solo. Alejar el tapete de alimentos y camas para una mejor adaptación.",12.990,Sabanillas Entrenamiento Carbón Activo 60x60 50 Uni Mascotas
"FRONTLINE® PULGAS Y GARRAPATAS,FRONTLINE® PLUS PERROS,Máxima protección para tu mascota y tu casa.,Gracias a su exclusiva formulación con el agregado de S-Metopreno, brinda protección continua, con doble acción sobre pulgas y sobre estadios inmaduros de pulgas (huevos y larvas) presentes en el medio ambiente. FRONTLINE® Plus también elimina garrapatas.,Puede usarse en hembras gestantes o en período de lactancia.,Puede ser utilizado en cachorros con más de 8 semanas de vida o peso superior a 2 kilos.,Te recomendamos 1 aplicación por mes durante un mínimo de 3 meses consecutivos.,Esperar al menos 48 horas para su aplicación luego del baño.,Modo de Aplicación: cortar la pipeta a nivel de la parte superior marcada, vaciar el contenido de la misma directamente sobre la piel, separando el pelo del animal entre hombros para evitar el lamido. Si la solución se impregnara en el pelo, el aspecto apelmazado resultante desaparecerá en aproximadamente 24 horas.,Presentación: blíster conteniendo una pipeta.,Para perros 2-10 kg,Mantener a tu perro protegido frente a pulgas y garrapatas y evitar la reinfestación de tu hogar por huevos y larvas de pulga.",6.390, Frontline Plus Pipeta Perro Hasta 10 Kg Pulgas Y Garrapata 
"Los Pañales Sabanillas Mascotas Perro 45 X 60 Cms Wuwu son la solución perfecta para mantener tu hogar limpio y libre de olores desagradables. Con su diseño descartable y su eliminación de olor, garantizan una experiencia cómoda y práctica tanto para ti como para tu mascota.,Estos pañales cuentan con 5 capas de absorción, brindando una protección superior y evitando cualquier filtración. Su tamaño de 45 cm de largo y 60 cm de ancho los hace ideales para perros de todas las razas y tamaños. Además, vienen en un práctico envase de 100 unidades, asegurando un suministro duradero.,Los Pañales Sabanillas Mascotas Perro 45 X 60 Cms Wuwu son perfectos para entrenar a tu perro, ya que su modelo Training Pads los convierte en una herramienta eficaz para enseñarles a hacer sus necesidades en un lugar específico.,No pierdas más tiempo limpiando accidentes y malos olores. Con los Pañales Sabanillas Mascotas Perro 45 X 60 Cms Wuwu, podrás disfrutar de un hogar limpio y fresco, mientras brindas a tu mascota la comodidad que se merece. ¡No esperes más y adquiere los tuyos ahora mismo!",19.990,Pañales Sabanillas Mascotas Perro 45 X 60 Cms Wuwu
"Diseño de mango largo, no es necesario doblarse ni tocar los residuos de la mascota. Mango ergonómico, sujetar y cómodo de usar. Te permite recoger los residuos fácilmente con una sola mano.,Hecho de material ABS de primera calidad, buena durabilidad y larga vida útil.,El recogedor de Pooper de 60cm Se puede plegar para ahorrar espacio.,Especificaciones:,Material: ABS + PP + Plástico,Tamaño: S, L (opcional),Color: Verde,-------------------------------,¡Haz tu selección!,Somos CRUSEC,Garantía del vendedor: 3 meses",5.990,Recogedor Pala Pinza Fecas Excremento Perro Gato Mascotas
"Fiprokill Spray es un antiparasitario externo en spray, efectivo contra pulgas y garrapatas en perros y gatos.,ACCIÓN TERAPÉUTICA,Antiparasitario externo.,COMPOSICIÓN,Cada 100 mL de producto contiene:,Fipronil....................... 0,25 g,Excipientes c.s.p...........100 mL,INDICACIONES,FIPROKILL® SPRAY es efectivo en el control y tratamiento de la infestación por pulgas (Ctenocephalides felis) y garrapatas (Rhipicephalus sanguineus) en perros y gatos desde los 2 días de edad, proporcionando un rápido efecto knock-down contra pulgas adultas.,EFICACIA,FIPROKILL® SPRAY en perros proporciona un período de protección de hasta por 3 meses contra pulgas y de hasta por 5 semanas contra garrapatas. En gatos, el período de protección contra pulgas se extiende por 4 semanas.,MODO DE APLICACIÓN,Aplique el producto en ambientes ventilados y asegúrese de ocupar guantes. Evitar el contacto con la piel. En caso de tomar contacto con las manos, lavar con abundante agua después de la manipulación del producto.,Aplique siempre a contra pelo como se indica en la figura a una distancia de aproximadamente 20 cm.,Las zonas sobre las cuales se debe aplicar el producto son el vientre y los flancos (pecho, abdomen, axilas, hombros y patas).,En animales de pelo largo, apartar el pelo y aplicar el producto a contra pelo, hasta la raíz.,Friccionar el pelo para que el producto penetre la piel.,Después de la aplicación no exponer a nuestras mascotas a fuentes de calor o fuego. Dejar secar naturalmente. No usar secador.,Para tratar la cara, verter un poco de producto en la palma de la mano enguantada y luego aplicar frotando suavemente la cara, evitando los ojos, boca y mucosas.,En animales de pelo largo o pelaje denso, se puede requerir la aplicación de una mayor cantidad de producto.,Se recomienda no bañar a la mascota dentro de las 48 horas antes y después de la aplicación de Fiprokill® Spray.,El producto es seguro en gatitos y perritos desde los 2 días de edad siempre que la aplicación se efectúe siguiendo las instrucciones del fabricante.,VÍA DE ADMINISTRACIÓN Y DOSIS,Dosis del principio activo:,7,5 15 mg/Kg.,Dosis del producto:,Fiprokill Spray de 50 mL y 100 mL: Aplicar 6 a 12 atomizaciones por Kg de peso (mojando la raíz de los pelos), de manera que el animal quede completamente mojado.,Fiprokill Spray de 250 mL: Aplicar 2 a 4 atomizaciones por Kg de peso (mojando la raíz de los pelos), de manera que el animal quede completamente mojado.,CONTRAINDICACIONES,No aplicar en conejos.,No aplicar en animales con hipersensibilidad conocida a Fipronil.,PRECAUCIONES,Aplicar en ambientes ventilados.,Utilizar guantes al aplicar el producto.,No fumar, comer o beber durante la manipulación y aplicación del producto.,Evitar el contacto con el animal tratado hasta que su pelaje se encuentre completamente seco.,Evitar dormir con el animal tratado recientemente.,En caso de contacto con piel, ojos o mucosas, lavar inmediatamente con abundante agua.,En caso de ingestión accidental, acudir inmediatamente a un centro médico y mostrar la etiqueta del producto.,ADVERTENCIAS,Mantener fuera del alcance de los niños.,Administrar con precaución en animales debilitados y seniles.,Producto inflamable. Mantener alejado de las fuentes de calor,EFECTOS ADVERSOS,Si el animal se lamiese puede existir un breve período de hipersalivación (principalmente en gatos).,Podrían ocurrir reacciones cutáneas transitorias en el sitio de aplicación como eritema, prurito o alopecia.,En el caso de existir hipersensibilidad o irritación local se recomienda no repetir el tratamiento.,OBSERVACIONES,Preguntas frecuentes:,¿Que sucede si mi mascota se lame después de la aplicación? ¿Qué le puede ocurrir?,Fiprokill Spray está formulado con un principio activo seguro para los mamíferos, sin embargo, después de la aplicación evite que su mascota se lama hasta que su pelaje esté seco.,¿Puedo dejar que mis hijos acaricien a los animales después de la aplicación? ¿Cuánto tiempo debo esperar?,Es recomendable esperar a que la mascota se encuentre bien seca antes de tomar contacto nuevamente con ella. En caso contrario, lavar las manos con abundante agua.,¿Puedo bañar a mi mascota sin alterar la efectividad de Fiprokill Spray?,Se recomienda no bañar a la mascota al menos 48 horas después de la aplicación del producto.,CONSERVACIÓN,Almacenar entre 15 y 30 °C, protegido de la luz. Una vez abierto el envase, utilizar dentro de 12 semanas. Descartar el producto sin usar después de ese período de tiempo,* Caracteristicas,* Anti-pulgas,* Anti-garrapatas,* Anti-parasitario,* Uso externo",14.361,Fiprokill Spray Anti Pulgas/garrapatas 250 Ml Gatos Y Perro
,,
,3.600,Media plantilla suave de gel antiimpacto para el talón
"¡Bienvenido a CasaLiving Online!,Tienda establecida en METRO MANUEL MONTT.,Una empresa dedicada a la importación y venta de artículos para el hogar desde 2016.,Pañal de entrenamiento baño de perro,* Medida: 33x45cm 100 unidades,* pañal desechable para mascotas muy prácticos,******************************************************,Forma de entrega,Retiro en nuestra sucursal de providencia,Cerca de Metro manuel Montt,Realizamos envíos por medio de Starken, Chilexpress, Pullmancargo.,Horario de atención,Lun - Vier 10:00am a 19:00pm,Sábados 10:00am a 14:00 pm,Domingos y feriados Cerrados",9.500,Pañal Entrenamiento Sabanilla Baño Perro 33x45cm (100uni)
"¡Dale descanso y comodidad a tus mascotas que se merecen y regálale su cama Petpal!,- Son ortopédicas, para que puedan apoyar todas sus articulaciones, tienen flujo de aire aumentado y puntos de presión en su interior.,- Cómodas, blandas y suaves, hechas con franela de felpa, terciopelo laminado y base antideslizante.,- La espuma interior cuenta con un forro de TPU que evita la absorción de líquidos.,- Tienen cierre para que puedas lavar su funda a máquina o a mano cuantas veces quieras y la mantengas como nueva.,-----------------------------------------------------------------------,FICHA TÉCNICA,- Cama para mascotas Petpal,- Color: Azul,- Talla: M (mascotas de 3 a 20 kg),- Material funda: Franela de felpa y Terciopelo laminado,- Material base: Goma antideslizante,- Medidas: 58 x 71 x 16,5 cm,- Medida Interior: 52 x 48 cm,- Peso: 2,3 kg,-----------------------------------------------------------------------,INSTALACIÓN EN 4 PASOS,1.- Remueve el producto de la bolsa que lo contiene y espera que se desenrolle.,2.- Inserta la espuma por la parte inferior del producto.,3.- Cierra la cremallera por completo y déjalo sobre una superficie boca arriba.,4.- Espera 48 horas hasta que se expanda por completo y de esta forma tenga la consistencia necesaria para que tu mascota pueda usarla cómodamente y disfrutar de sus beneficios.,-----------------------------------------------------------------------,QUE VIENE EN LA CAJA,- 1 Cama para mascotas talla M Petpal",44.990,Cama Para Mascota Perros Y Gatos Impermeable Petpal Mediana
"- Filtro de carbón activado y resina para fuentes de agua de mascotas. Este filtro cuenta con,4 celdas, 2 de carbón activado y 2 de resina de intercambio iónico. Resina de intercambio iónico se elimina el magnesio y el calcio en el agua. Carbón activado de alto rendimiento absorbe el olor y las bacterias. Al limpiar el filtro, no use detergente, solo enjuague la suciedad de la superficie con agua. Al reemplazar el filtro, asegúrese de limpiar las partes de la unidad de suministro de agua para garantizar la limpieza, se recomienda cambiar el filtro cada 4 semanas. Para así mantener más pura y limpia el agua de tu mascota.,- Contenido de la compra:,* 8 Filtros Para Bebedero.",4.448,Filtro Para Bebedero Mascotas Roro Pack X8 Filtros Repuesto Fuente Agua Perros Y Gatos 
,,
"producto venta unica por Homer design,la sabanilla va con un dibujo blanco de color llamativo  para que el perro puede ubicar perfectamente el lugar para orinar,Son sabanillas desechables para mascotas de 60cm x 60.cm,Vienen en pack de 2x50 unidades, con color de lavanda y con pegamiento en su 4 borde.,5 telas de proteccion,PAÑALES TIPO SABANILLAS,ENTRENAMIENTO PARA PERROS,- Absorbe en mayor medida que las comunes, ya que las pedimos con un gramaje mayor.,- ANTIBACTERIAL Y BLOQUEADOR DE OLORES,- Facilita entrenamiento de perros, indicándoles un lugar específico donde hacer sus necesidades.,- Múltiples usos, sobre camas, alfombras o el piso directamente,- IDEAL PARA MASCOTAS CON INCONTINENCIA COMO PEQUEÑOS CACHORROS O ANCIANOS,- IMPERMEABLE,- Desechable y no reutilizable,MEDIDAS: 60 x 60 cm.,CANTIDAD: 100 unidades",18.999,100 Pañales Sabanillas Perro Mascota 60x60 Aroma Y Adhesivo
"Bozal Para Perros Tipo Pato Mascotas Perro Bozal Perro L,º Hecho de silicona y cuerda de nailon, duradera, suave y cómoda.,º Ideal para cuando estés fuera paseando a tu perro, tú y otros a tu alrededor no tendrás que preocuparte por ladrar, y también atraerá la atención y ganará cumplidos.,º Diseño en forma de pico de pato, en línea con la forma de la boca del perro, te ayuda eficazmente a entrenar a tu mascota, y también se puede utilizar como una bonita decoración para hacer que tu mascota se vea como un bonito patito y hacerlo más silencioso.,º Funda de silicona para pico de pato tiene tres tamaños, S/M/L (con hebilla ajustable para la cabeza, consulta el mapa de detalles del producto para más detalles).,Tu Compra Incluye:,Bozal Para Perros Tipo Pato Mascotas Perro Bozal Perro L",2.741,Bozal Para Perros Tipo Pato Mascotas Perro Bozal Perro L Color Amarillo Tamaño Talla L
"Protege a tu mascota con el Collar Isabelino Gato Perro, una solución ideal para prevenir que tu amigo peludo se lama o muerda sus heridas o irritaciones. Disponible en tallas S, M y L, este collar se ajusta cómodamente alrededor del cuello de tu mascota, asegurando un ajuste perfecto para gatos y perros de diferentes tamaños. La marca GATO PERRO es sinónimo de calidad y confort, y este collar no es la excepción. Con un tamaño L, es ideal para mascotas de mayor tamaño. Su modelo de algodón garantiza suavidad al contacto con la piel de tu mascota, evitando roces innecesarios y proporcionando una barrera suave pero efectiva. El tipo de collar Martingale es conocido por su seguridad y eficacia, asegurando que el collar se mantenga en su lugar sin causar estrangulamiento. Este collar isabelino es especialmente recomendado para gatos, aunque también es adecuado para perros, ofreciendo una protección antiestrés durante su recuperación.",4.990,"Collar Isabelino Gato Perro Mascotas Antiestres Talla S,m.l Tamaño Del Collar L"
"Botella de agua potable para perros, tazón de alimentación portátil para viaje al aire libre, taza dispensadora de agua para mascotas, cachorros y gatos, 500ml,Características:,1. Taza de viaje fácil de usar para tu perro. Cabe en el portavasos estándar del coche.,2. Soporta hasta 20 onzas (500ml) de agua dulce.,3. El cuenco tiene una válvula especial que nunca desgasta agua, por lo que su mascota puede viajar más tiempo.,4. Fácil de operar. Apriete la botella para que el agua llegue al cuenco y luego suelte para que el agua vuelva a entrar en la botella.,Descripción:,Material: plástico PP sin BPA,Capacidad: 500ml;,Tamaño: altura: 21 cm, diámetro inferior 6,5 cm, diámetro de la boca 10,5 cm,Lista de paquetes:,1x bebedero para mascotas al aire libre",2.790,Dispensador Agua 500ml Botella Portátil Mascota Perro Gato Color Azul
"El juguete de peluche para perros Kong Cozie Brights es el compañero perfecto para tu mascota. Con un diseño de elefante encantador y atractivo, este juguete se convertirá rápidamente en el favorito de tu perro. Su tamaño mediano es ideal para perros de todas las razas y tamaños, proporcionando horas de diversión y entretenimiento.,Fabricado con fibra de poliéster de alta calidad, este juguete es resistente y duradero, capaz de soportar incluso las mordeduras más fuertes. A pesar de su resistencia, es suave y cómodo para las mandíbulas de tu perro, lo que lo hace seguro para masticar y jugar.,Una característica especial de este juguete es su sonido. Al apretarlo, emite un sonido que atraerá la atención de tu perro, estimulando su curiosidad y su instinto de juego. Este sonido añade una dimensión extra de diversión al juguete, haciendo que tu perro quiera jugar con él una y otra vez.,El juguete de peluche para perros Kong Cozie Brights es más que un simple juguete. Es una herramienta que ayuda a mantener a tu perro activo y estimulado, contribuyendo a su bienestar físico y mental. Con este juguete, tu perro disfrutará de horas de diversión y juego, mientras tú disfrutas de la tranquilidad de saber que está jugando con un producto de calidad y seguro.",10.978,Juguete Chillón Kong Cozie Talla M Color Fucsia Diseño Elefante
"Este producto funciona con un ruido de menos de 50 dB, lo que proporciona una experiencia tranquila para las mascotas mientras cortan el pelo. Tiene un diseño inalámbrico y está equipado con una batería de iones de litio recargable de 1500 mAh de alta calidad, que después de cargarse de 3 a 5 horas, puede soportar 120 minutos de uso.,,Tiene una función de peine ajustable con 4 tipos de peines protectores de 3 mm, 6 mm, 9 mm y 12 mm, que permiten cortar el pelo de la mascota de forma segura independientemente de la longitud. La cuchilla de corte preciso de aleación de titanio es segura, afilada y proporciona una experiencia agradable para la piel de la mascota. La cuchilla extraíble es fácil de reemplazar y limpiar.,,Especificaciones:,,Material de corte: titanio y cerámica,Batería: iones de litio 18650 de 1200 mAh,Voltaje: 110-240 V 50-60 HZ,Tamaño del artículo: se muestra en la imagen,Peso del paquete: 485 g,Tamaño del paquete: 250 cm x 170 cm x 60 cm,,Lista de paquetes:,,1 x recortadora,4 x peine limitador,1 x cepillo de limpieza,1 x cable USB",9.990,"Segadora Bivolt Silent Puppy Cat Clipper USB, 110 V/220 V"
