producto,precio
Closet Ropero De Tela Armable Decoteam Con 6 Estantes Gris,25.990
"Armario doble Madesa Mônaco con 3 puertas correderas, color madera, marrón claro 10935Z",219.990
Clóset Yardas B544 color negro de mdp con 6 puertas batientes,189.992
Clóset Yardas Y338 color bicolor de mdp con 6 puertas,257.991
Clóset Ámbar 6 Puertas + 2 Cajónes Roca,209.990
Closet 6 Puertas,170.000
Closet Armario 2 Puertas 2 Cajones Phoenix Blanco,217.990
Clóset 2 Puertas Classic Blanco,115.990
Clóset 4 Puertas 2 Cajones Ambar Roble / Blanco Invierno,189.990
